app_field_name,field_type,content_control_tag,bookmark_name,section,table_number,row_number,column_number
field_001,text,field_001,,general,,,
field_002,text,field_002,,general,,,
field_003,text,field_003,,general,,,
field_004,text,field_004,,general,,,
field_005,text,field_005,,general,,,
field_006,text,field_006,,general,,,
field_007,text,field_007,,general,,,
field_008,text,field_008,,general,,,
chk_001,checkbox,chk_001,,general,,,
chk_002,checkbox,chk_002,,general,,,
chk_003,checkbox,chk_003,,general,,,
chk_004,checkbox,chk_004,,general,,,
chk_005,checkbox,chk_005,,general,,,
chk_006,checkbox,chk_006,,general,,,
chk_007,checkbox,chk_007,,general,,,
chk_008,checkbox,chk_008,,general,,,
chk_009,checkbox,chk_009,,general,,,
chk_010,checkbox,chk_010,,general,,,
chk_011,checkbox,chk_011,,general,,,
chk_012,checkbox,chk_012,,general,,,
chk_013,checkbox,chk_013,,general,,,
chk_014,checkbox,chk_014,,general,,,
chk_015,checkbox,chk_015,,general,,,
chk_016,checkbox,chk_016,,general,,,
chk_017,checkbox,chk_017,,general,,,
chk_018,checkbox,chk_018,,general,,,
chk_019,checkbox,chk_019,,general,,,
field_009,text,field_009,,general,,,
chk_020,checkbox,chk_020,,general,,,
chk_021,checkbox,chk_021,,general,,,
chk_022,checkbox,chk_022,,general,,,
chk_023,checkbox,chk_023,,general,,,
chk_024,checkbox,chk_024,,general,,,
chk_025,checkbox,chk_025,,general,,,
chk_026,checkbox,chk_026,,general,,,
chk_027,checkbox,chk_027,,general,,,
chk_028,checkbox,chk_028,,general,,,
chk_029,checkbox,chk_029,,general,,,
chk_030,checkbox,chk_030,,general,,,
chk_031,checkbox,chk_031,,general,,,
chk_032,checkbox,chk_032,,general,,,
field_010,text,field_010,,general,,,
chk_033,checkbox,chk_033,,general,,,
chk_034,checkbox,chk_034,,general,,,
chk_035,checkbox,chk_035,,general,,,
chk_036,checkbox,chk_036,,general,,,
chk_037,checkbox,chk_037,,general,,,
chk_038,checkbox,chk_038,,general,,,
chk_039,checkbox,chk_039,,general,,,
chk_040,checkbox,chk_040,,general,,,
field_011,text,field_011,,general,,,
chk_041,checkbox,chk_041,,general,,,
chk_042,checkbox,chk_042,,general,,,
chk_043,checkbox,chk_043,,general,,,
chk_044,checkbox,chk_044,,general,,,
field_012,text,field_012,,general,,,
chk_045,checkbox,chk_045,,general,,,
chk_046,checkbox,chk_046,,general,,,
chk_047,checkbox,chk_047,,general,,,
chk_048,checkbox,chk_048,,general,,,
chk_049,checkbox,chk_049,,general,,,
chk_050,checkbox,chk_050,,general,,,
chk_051,checkbox,chk_051,,general,,,
chk_052,checkbox,chk_052,,general,,,
chk_053,checkbox,chk_053,,general,,,
chk_054,checkbox,chk_054,,general,,,
chk_055,checkbox,chk_055,,general,,,
field_013,text,field_013,,general,,,
field_014,text,field_014,,general,,,
field_015,text,field_015,,general,,,
field_016,text,field_016,,general,,,
field_017,text,field_017,,general,,,
field_018,text,field_018,,general,,,
field_019,text,field_019,,general,,,
field_020,text,field_020,,general,,,
field_021,text,field_021,,general,,,
chk_056,checkbox,chk_056,,general,,,
chk_057,checkbox,chk_057,,general,,,
chk_058,checkbox,chk_058,,general,,,
chk_059,checkbox,chk_059,,general,,,
chk_060,checkbox,chk_060,,general,,,
chk_061,checkbox,chk_061,,general,,,
chk_062,checkbox,chk_062,,general,,,
chk_063,checkbox,chk_063,,general,,,
chk_064,checkbox,chk_064,,general,,,
chk_065,checkbox,chk_065,,general,,,
chk_066,checkbox,chk_066,,general,,,
chk_067,checkbox,chk_067,,general,,,
chk_068,checkbox,chk_068,,general,,,
chk_069,checkbox,chk_069,,general,,,
chk_070,checkbox,chk_070,,general,,,
chk_071,checkbox,chk_071,,general,,,
chk_072,checkbox,chk_072,,general,,,
chk_073,checkbox,chk_073,,general,,,
chk_074,checkbox,chk_074,,general,,,
chk_075,checkbox,chk_075,,general,,,
chk_076,checkbox,chk_076,,general,,,
chk_077,checkbox,chk_077,,general,,,
chk_078,checkbox,chk_078,,general,,,
chk_079,checkbox,chk_079,,general,,,
chk_080,checkbox,chk_080,,general,,,
chk_081,checkbox,chk_081,,general,,,
chk_082,checkbox,chk_082,,general,,,
chk_083,checkbox,chk_083,,general,,,
chk_084,checkbox,chk_084,,general,,,
chk_085,checkbox,chk_085,,general,,,
chk_086,checkbox,chk_086,,general,,,
chk_087,checkbox,chk_087,,general,,,
chk_088,checkbox,chk_088,,general,,,
chk_089,checkbox,chk_089,,general,,,
chk_090,checkbox,chk_090,,general,,,
chk_091,checkbox,chk_091,,general,,,
chk_092,checkbox,chk_092,,general,,,
chk_093,checkbox,chk_093,,general,,,
chk_094,checkbox,chk_094,,general,,,
chk_095,checkbox,chk_095,,general,,,
chk_096,checkbox,chk_096,,general,,,
chk_097,checkbox,chk_097,,general,,,
field_022,text,field_022,,general,,,
chk_098,checkbox,chk_098,,general,,,
chk_099,checkbox,chk_099,,general,,,
chk_100,checkbox,chk_100,,general,,,
chk_101,checkbox,chk_101,,general,,,
chk_102,checkbox,chk_102,,general,,,
chk_103,checkbox,chk_103,,general,,,
chk_104,checkbox,chk_104,,general,,,
chk_105,checkbox,chk_105,,general,,,
chk_106,checkbox,chk_106,,general,,,
chk_107,checkbox,chk_107,,general,,,
chk_108,checkbox,chk_108,,general,,,
chk_109,checkbox,chk_109,,general,,,
chk_110,checkbox,chk_110,,general,,,
chk_111,checkbox,chk_111,,general,,,
chk_112,checkbox,chk_112,,general,,,
chk_113,checkbox,chk_113,,general,,,
chk_114,checkbox,chk_114,,general,,,
chk_115,checkbox,chk_115,,general,,,
chk_116,checkbox,chk_116,,general,,,
chk_117,checkbox,chk_117,,general,,,
chk_118,checkbox,chk_118,,general,,,
chk_119,checkbox,chk_119,,general,,,
chk_120,checkbox,chk_120,,general,,,
chk_121,checkbox,chk_121,,general,,,
chk_122,checkbox,chk_122,,general,,,
chk_123,checkbox,chk_123,,general,,,
chk_124,checkbox,chk_124,,general,,,
chk_125,checkbox,chk_125,,general,,,
chk_126,checkbox,chk_126,,general,,,
chk_127,checkbox,chk_127,,general,,,
chk_128,checkbox,chk_128,,general,,,
chk_129,checkbox,chk_129,,general,,,
chk_130,checkbox,chk_130,,general,,,
chk_131,checkbox,chk_131,,general,,,
chk_132,checkbox,chk_132,,general,,,
chk_133,checkbox,chk_133,,general,,,
chk_134,checkbox,chk_134,,general,,,
chk_135,checkbox,chk_135,,general,,,
chk_136,checkbox,chk_136,,general,,,
chk_137,checkbox,chk_137,,general,,,
chk_138,checkbox,chk_138,,general,,,
field_023,text,field_023,,general,,,
chk_139,checkbox,chk_139,,general,,,
chk_140,checkbox,chk_140,,general,,,
chk_141,checkbox,chk_141,,general,,,
chk_142,checkbox,chk_142,,general,,,
field_024,text,field_024,,general,,,
chk_143,checkbox,chk_143,,general,,,
chk_144,checkbox,chk_144,,general,,,
chk_145,checkbox,chk_145,,general,,,
chk_146,checkbox,chk_146,,general,,,
field_025,text,field_025,,general,,,
chk_147,checkbox,chk_147,,general,,,
chk_148,checkbox,chk_148,,general,,,
chk_149,checkbox,chk_149,,general,,,
chk_150,checkbox,chk_150,,general,,,
chk_151,checkbox,chk_151,,general,,,
chk_152,checkbox,chk_152,,general,,,
chk_153,checkbox,chk_153,,general,,,
chk_154,checkbox,chk_154,,general,,,
field_026,text,field_026,,general,,,
field_027,text,field_027,,general,,,
chk_155,checkbox,chk_155,,general,,,
chk_156,checkbox,chk_156,,general,,,
chk_157,checkbox,chk_157,,general,,,
chk_158,checkbox,chk_158,,general,,,
chk_159,checkbox,chk_159,,general,,,
chk_160,checkbox,chk_160,,general,,,
chk_161,checkbox,chk_161,,general,,,
chk_162,checkbox,chk_162,,general,,,
chk_163,checkbox,chk_163,,general,,,
chk_164,checkbox,chk_164,,general,,,
field_028,text,field_028,,general,,,
chk_165,checkbox,chk_165,,general,,,
chk_166,checkbox,chk_166,,general,,,
chk_167,checkbox,chk_167,,general,,,
chk_168,checkbox,chk_168,,general,,,
chk_169,checkbox,chk_169,,general,,,
chk_170,checkbox,chk_170,,general,,,
chk_171,checkbox,chk_171,,general,,,
chk_172,checkbox,chk_172,,general,,,
chk_173,checkbox,chk_173,,general,,,
chk_174,checkbox,chk_174,,general,,,
chk_175,checkbox,chk_175,,general,,,
chk_176,checkbox,chk_176,,general,,,
chk_177,checkbox,chk_177,,general,,,
chk_178,checkbox,chk_178,,general,,,
chk_179,checkbox,chk_179,,general,,,
chk_180,checkbox,chk_180,,general,,,
field_029,text,field_029,,general,,,
chk_181,checkbox,chk_181,,general,,,
chk_182,checkbox,chk_182,,general,,,
chk_183,checkbox,chk_183,,general,,,
chk_184,checkbox,chk_184,,general,,,
chk_185,checkbox,chk_185,,general,,,
chk_186,checkbox,chk_186,,general,,,
chk_187,checkbox,chk_187,,general,,,
chk_188,checkbox,chk_188,,general,,,
chk_189,checkbox,chk_189,,general,,,
chk_190,checkbox,chk_190,,general,,,
chk_191,checkbox,chk_191,,general,,,
chk_192,checkbox,chk_192,,general,,,
chk_193,checkbox,chk_193,,general,,,
chk_194,checkbox,chk_194,,general,,,
chk_195,checkbox,chk_195,,general,,,
chk_196,checkbox,chk_196,,general,,,
chk_197,checkbox,chk_197,,general,,,
chk_198,checkbox,chk_198,,general,,,
chk_199,checkbox,chk_199,,general,,,
chk_200,checkbox,chk_200,,general,,,
field_030,text,field_030,,general,,,
chk_201,checkbox,chk_201,,general,,,
chk_202,checkbox,chk_202,,general,,,
chk_203,checkbox,chk_203,,general,,,
chk_204,checkbox,chk_204,,general,,,
chk_205,checkbox,chk_205,,general,,,
chk_206,checkbox,chk_206,,general,,,
chk_207,checkbox,chk_207,,general,,,
chk_208,checkbox,chk_208,,general,,,
chk_209,checkbox,chk_209,,general,,,
chk_210,checkbox,chk_210,,general,,,
chk_211,checkbox,chk_211,,general,,,
chk_212,checkbox,chk_212,,general,,,
chk_213,checkbox,chk_213,,general,,,
chk_214,checkbox,chk_214,,general,,,
chk_215,checkbox,chk_215,,general,,,
chk_216,checkbox,chk_216,,general,,,
chk_217,checkbox,chk_217,,general,,,
chk_218,checkbox,chk_218,,general,,,
chk_219,checkbox,chk_219,,general,,,
chk_220,checkbox,chk_220,,general,,,
chk_221,checkbox,chk_221,,general,,,
chk_222,checkbox,chk_222,,general,,,
chk_223,checkbox,chk_223,,general,,,
chk_224,checkbox,chk_224,,general,,,
chk_225,checkbox,chk_225,,general,,,
field_031,text,field_031,,general,,,
chk_226,checkbox,chk_226,,general,,,
chk_227,checkbox,chk_227,,general,,,
chk_228,checkbox,chk_228,,general,,,
field_032,text,field_032,,general,,,
field_033,text,field_033,,general,,,
chk_229,checkbox,chk_229,,general,,,
chk_230,checkbox,chk_230,,general,,,
chk_231,checkbox,chk_231,,general,,,
chk_232,checkbox,chk_232,,general,,,
chk_233,checkbox,chk_233,,general,,,
field_034,text,field_034,,general,,,
chk_234,checkbox,chk_234,,general,,,
chk_235,checkbox,chk_235,,general,,,
chk_236,checkbox,chk_236,,general,,,
chk_237,checkbox,chk_237,,general,,,
chk_238,checkbox,chk_238,,general,,,
chk_239,checkbox,chk_239,,general,,,
chk_240,checkbox,chk_240,,general,,,
chk_241,checkbox,chk_241,,general,,,
field_035,text,field_035,,general,,,
chk_242,checkbox,chk_242,,general,,,
chk_243,checkbox,chk_243,,general,,,
chk_244,checkbox,chk_244,,general,,,
chk_245,checkbox,chk_245,,general,,,
chk_246,checkbox,chk_246,,general,,,
chk_247,checkbox,chk_247,,general,,,
chk_248,checkbox,chk_248,,general,,,
chk_249,checkbox,chk_249,,general,,,
chk_250,checkbox,chk_250,,general,,,
chk_251,checkbox,chk_251,,general,,,
chk_252,checkbox,chk_252,,general,,,
chk_253,checkbox,chk_253,,general,,,
chk_254,checkbox,chk_254,,general,,,
chk_255,checkbox,chk_255,,general,,,
chk_256,checkbox,chk_256,,general,,,
chk_257,checkbox,chk_257,,general,,,
field_036,text,field_036,,general,,,
chk_258,checkbox,chk_258,,general,,,
chk_259,checkbox,chk_259,,general,,,
chk_260,checkbox,chk_260,,general,,,
chk_261,checkbox,chk_261,,general,,,
chk_262,checkbox,chk_262,,general,,,
chk_263,checkbox,chk_263,,general,,,
field_037,text,field_037,,general,,,
chk_264,checkbox,chk_264,,general,,,
chk_265,checkbox,chk_265,,general,,,
chk_266,checkbox,chk_266,,general,,,
chk_267,checkbox,chk_267,,general,,,
chk_268,checkbox,chk_268,,general,,,
chk_269,checkbox,chk_269,,general,,,
chk_270,checkbox,chk_270,,general,,,
chk_271,checkbox,chk_271,,general,,,
field_038,text,field_038,,general,,,
chk_272,checkbox,chk_272,,general,,,
chk_273,checkbox,chk_273,,general,,,
chk_274,checkbox,chk_274,,general,,,
chk_275,checkbox,chk_275,,general,,,
chk_276,checkbox,chk_276,,general,,,
chk_277,checkbox,chk_277,,general,,,
chk_278,checkbox,chk_278,,general,,,
chk_279,checkbox,chk_279,,general,,,
chk_280,checkbox,chk_280,,general,,,
chk_281,checkbox,chk_281,,general,,,
chk_282,checkbox,chk_282,,general,,,
chk_283,checkbox,chk_283,,general,,,
chk_284,checkbox,chk_284,,general,,,
chk_285,checkbox,chk_285,,general,,,
chk_286,checkbox,chk_286,,general,,,
chk_287,checkbox,chk_287,,general,,,
chk_288,checkbox,chk_288,,general,,,
chk_289,checkbox,chk_289,,general,,,
chk_290,checkbox,chk_290,,general,,,
chk_291,checkbox,chk_291,,general,,,
chk_292,checkbox,chk_292,,general,,,
chk_293,checkbox,chk_293,,general,,,
chk_294,checkbox,chk_294,,general,,,
chk_295,checkbox,chk_295,,general,,,
chk_296,checkbox,chk_296,,general,,,
chk_297,checkbox,chk_297,,general,,,
chk_298,checkbox,chk_298,,general,,,
chk_299,checkbox,chk_299,,general,,,
chk_300,checkbox,chk_300,,general,,,
field_039,text,field_039,,general,,,
chk_301,checkbox,chk_301,,general,,,
chk_302,checkbox,chk_302,,general,,,
chk_303,checkbox,chk_303,,general,,,
chk_304,checkbox,chk_304,,general,,,
chk_305,checkbox,chk_305,,general,,,
field_040,text,field_040,,general,,,
chk_306,checkbox,chk_306,,general,,,
chk_307,checkbox,chk_307,,general,,,
chk_308,checkbox,chk_308,,general,,,
chk_309,checkbox,chk_309,,general,,,
chk_310,checkbox,chk_310,,general,,,
chk_311,checkbox,chk_311,,general,,,
field_041,text,field_041,,general,,,
chk_312,checkbox,chk_312,,general,,,
chk_313,checkbox,chk_313,,general,,,
chk_314,checkbox,chk_314,,general,,,
chk_315,checkbox,chk_315,,general,,,
chk_316,checkbox,chk_316,,general,,,
chk_317,checkbox,chk_317,,general,,,
field_042,text,field_042,,general,,,
chk_318,checkbox,chk_318,,general,,,
chk_319,checkbox,chk_319,,general,,,
chk_320,checkbox,chk_320,,general,,,
chk_321,checkbox,chk_321,,general,,,
chk_322,checkbox,chk_322,,general,,,
chk_323,checkbox,chk_323,,general,,,
chk_324,checkbox,chk_324,,general,,,
chk_325,checkbox,chk_325,,general,,,
chk_326,checkbox,chk_326,,general,,,
chk_327,checkbox,chk_327,,general,,,
chk_328,checkbox,chk_328,,general,,,
chk_329,checkbox,chk_329,,general,,,
chk_330,checkbox,chk_330,,general,,,
chk_331,checkbox,chk_331,,general,,,
chk_332,checkbox,chk_332,,general,,,
chk_333,checkbox,chk_333,,general,,,
chk_334,checkbox,chk_334,,general,,,
chk_335,checkbox,chk_335,,general,,,
field_043,text,field_043,,general,,,
field_044,text,field_044,,general,,,
field_045,text,field_045,,general,,,
chk_336,checkbox,chk_336,,general,,,
chk_337,checkbox,chk_337,,general,,,
field_046,text,field_046,,general,,,
chk_338,checkbox,chk_338,,general,,,
chk_339,checkbox,chk_339,,general,,,
chk_340,checkbox,chk_340,,general,,,
chk_341,checkbox,chk_341,,general,,,
chk_342,checkbox,chk_342,,general,,,
chk_343,checkbox,chk_343,,general,,,
chk_344,checkbox,chk_344,,general,,,
chk_345,checkbox,chk_345,,general,,,
chk_346,checkbox,chk_346,,general,,,
chk_347,checkbox,chk_347,,general,,,
chk_348,checkbox,chk_348,,general,,,
chk_349,checkbox,chk_349,,general,,,
chk_350,checkbox,chk_350,,general,,,
chk_351,checkbox,chk_351,,general,,,
chk_352,checkbox,chk_352,,general,,,
chk_353,checkbox,chk_353,,general,,,
field_047,text,field_047,,general,,,
chk_354,checkbox,chk_354,,general,,,
chk_355,checkbox,chk_355,,general,,,
chk_356,checkbox,chk_356,,general,,,
chk_357,checkbox,chk_357,,general,,,
field_048,text,field_048,,general,,,
field_049,text,field_049,,general,,,
field_050,text,field_050,,general,,,
field_051,text,field_051,,general,,,
field_052,text,field_052,,general,,,
field_053,text,field_053,,general,,,
field_054,text,field_054,,general,,,
tbl_1_r0_c0,table_cell,,tbl_1_r0_c0,table_1,1,0,0
tbl_1_r0_c1,table_cell,,tbl_1_r0_c1,table_1,1,0,1
tbl_1_r0_c2,table_cell,,tbl_1_r0_c2,table_1,1,0,2
tbl_1_r0_c3,table_cell,,tbl_1_r0_c3,table_1,1,0,3
tbl_1_r0_c4,table_cell,,tbl_1_r0_c4,table_1,1,0,4
tbl_1_r0_c5,table_cell,,tbl_1_r0_c5,table_1,1,0,5
tbl_1_r0_c6,table_cell,,tbl_1_r0_c6,table_1,1,0,6
tbl_1_r0_c7,table_cell,,tbl_1_r0_c7,table_1,1,0,7
tbl_1_r0_c8,table_cell,,tbl_1_r0_c8,table_1,1,0,8
tbl_1_r0_c9,table_cell,,tbl_1_r0_c9,table_1,1,0,9
tbl_1_r0_c10,table_cell,,tbl_1_r0_c10,table_1,1,0,10
tbl_1_r1_c0,table_cell,,tbl_1_r1_c0,table_1,1,1,0
tbl_1_r1_c1,table_cell,,tbl_1_r1_c1,table_1,1,1,1
tbl_1_r1_c2,table_cell,,tbl_1_r1_c2,table_1,1,1,2
tbl_1_r1_c3,table_cell,,tbl_1_r1_c3,table_1,1,1,3
tbl_1_r1_c4,table_cell,,tbl_1_r1_c4,table_1,1,1,4
tbl_1_r1_c5,table_cell,,tbl_1_r1_c5,table_1,1,1,5
tbl_1_r1_c6,table_cell,,tbl_1_r1_c6,table_1,1,1,6
tbl_1_r1_c7,table_cell,,tbl_1_r1_c7,table_1,1,1,7
tbl_1_r1_c8,table_cell,,tbl_1_r1_c8,table_1,1,1,8
tbl_1_r1_c9,table_cell,,tbl_1_r1_c9,table_1,1,1,9
tbl_1_r1_c10,table_cell,,tbl_1_r1_c10,table_1,1,1,10
tbl_1_r1_c11,table_cell,,tbl_1_r1_c11,table_1,1,1,11
tbl_1_r2_c0,table_cell,,tbl_1_r2_c0,table_1,1,2,0
tbl_1_r2_c1,table_cell,,tbl_1_r2_c1,table_1,1,2,1
tbl_1_r2_c2,table_cell,,tbl_1_r2_c2,table_1,1,2,2
tbl_1_r2_c3,table_cell,,tbl_1_r2_c3,table_1,1,2,3
tbl_1_r2_c4,table_cell,,tbl_1_r2_c4,table_1,1,2,4
tbl_1_r2_c5,table_cell,,tbl_1_r2_c5,table_1,1,2,5
tbl_1_r2_c6,table_cell,,tbl_1_r2_c6,table_1,1,2,6
tbl_1_r2_c7,table_cell,,tbl_1_r2_c7,table_1,1,2,7
tbl_1_r2_c8,table_cell,,tbl_1_r2_c8,table_1,1,2,8
tbl_1_r2_c9,table_cell,,tbl_1_r2_c9,table_1,1,2,9
tbl_1_r2_c10,table_cell,,tbl_1_r2_c10,table_1,1,2,10
tbl_1_r2_c11,table_cell,,tbl_1_r2_c11,table_1,1,2,11
tbl_1_r2_c12,table_cell,,tbl_1_r2_c12,table_1,1,2,12
tbl_1_r2_c13,table_cell,,tbl_1_r2_c13,table_1,1,2,13
tbl_1_r2_c14,table_cell,,tbl_1_r2_c14,table_1,1,2,14
tbl_1_r2_c15,table_cell,,tbl_1_r2_c15,table_1,1,2,15
tbl_1_r2_c16,table_cell,,tbl_1_r2_c16,table_1,1,2,16
tbl_1_r3_c0,table_cell,,tbl_1_r3_c0,table_1,1,3,0
tbl_1_r3_c1,table_cell,,tbl_1_r3_c1,table_1,1,3,1
tbl_1_r3_c2,table_cell,,tbl_1_r3_c2,table_1,1,3,2
tbl_1_r3_c3,table_cell,,tbl_1_r3_c3,table_1,1,3,3
tbl_1_r3_c4,table_cell,,tbl_1_r3_c4,table_1,1,3,4
tbl_1_r3_c5,table_cell,,tbl_1_r3_c5,table_1,1,3,5
tbl_1_r3_c6,table_cell,,tbl_1_r3_c6,table_1,1,3,6
tbl_1_r3_c7,table_cell,,tbl_1_r3_c7,table_1,1,3,7
tbl_1_r3_c8,table_cell,,tbl_1_r3_c8,table_1,1,3,8
tbl_1_r3_c9,table_cell,,tbl_1_r3_c9,table_1,1,3,9
tbl_1_r3_c10,table_cell,,tbl_1_r3_c10,table_1,1,3,10
tbl_1_r3_c11,table_cell,,tbl_1_r3_c11,table_1,1,3,11
tbl_1_r3_c12,table_cell,,tbl_1_r3_c12,table_1,1,3,12
tbl_1_r3_c13,table_cell,,tbl_1_r3_c13,table_1,1,3,13
tbl_1_r3_c14,table_cell,,tbl_1_r3_c14,table_1,1,3,14
tbl_1_r3_c15,table_cell,,tbl_1_r3_c15,table_1,1,3,15
tbl_1_r3_c16,table_cell,,tbl_1_r3_c16,table_1,1,3,16
tbl_1_r4_c0,table_cell,,tbl_1_r4_c0,table_1,1,4,0
tbl_1_r4_c1,table_cell,,tbl_1_r4_c1,table_1,1,4,1
tbl_1_r4_c2,table_cell,,tbl_1_r4_c2,table_1,1,4,2
tbl_1_r4_c3,table_cell,,tbl_1_r4_c3,table_1,1,4,3
tbl_1_r4_c4,table_cell,,tbl_1_r4_c4,table_1,1,4,4
tbl_1_r4_c5,table_cell,,tbl_1_r4_c5,table_1,1,4,5
tbl_1_r4_c6,table_cell,,tbl_1_r4_c6,table_1,1,4,6
tbl_1_r4_c7,table_cell,,tbl_1_r4_c7,table_1,1,4,7
tbl_1_r4_c8,table_cell,,tbl_1_r4_c8,table_1,1,4,8
tbl_1_r4_c9,table_cell,,tbl_1_r4_c9,table_1,1,4,9
tbl_1_r4_c10,table_cell,,tbl_1_r4_c10,table_1,1,4,10
tbl_1_r4_c11,table_cell,,tbl_1_r4_c11,table_1,1,4,11
tbl_1_r4_c12,table_cell,,tbl_1_r4_c12,table_1,1,4,12
tbl_1_r4_c13,table_cell,,tbl_1_r4_c13,table_1,1,4,13
tbl_1_r4_c14,table_cell,,tbl_1_r4_c14,table_1,1,4,14
tbl_1_r4_c15,table_cell,,tbl_1_r4_c15,table_1,1,4,15
tbl_1_r4_c16,table_cell,,tbl_1_r4_c16,table_1,1,4,16
tbl_1_r5_c0,table_cell,,tbl_1_r5_c0,table_1,1,5,0
tbl_1_r5_c1,table_cell,,tbl_1_r5_c1,table_1,1,5,1
tbl_1_r5_c2,table_cell,,tbl_1_r5_c2,table_1,1,5,2
tbl_1_r5_c3,table_cell,,tbl_1_r5_c3,table_1,1,5,3
tbl_1_r5_c4,table_cell,,tbl_1_r5_c4,table_1,1,5,4
tbl_1_r5_c5,table_cell,,tbl_1_r5_c5,table_1,1,5,5
tbl_1_r5_c6,table_cell,,tbl_1_r5_c6,table_1,1,5,6
tbl_1_r5_c7,table_cell,,tbl_1_r5_c7,table_1,1,5,7
tbl_1_r5_c8,table_cell,,tbl_1_r5_c8,table_1,1,5,8
tbl_1_r5_c9,table_cell,,tbl_1_r5_c9,table_1,1,5,9
tbl_1_r5_c10,table_cell,,tbl_1_r5_c10,table_1,1,5,10
tbl_1_r5_c11,table_cell,,tbl_1_r5_c11,table_1,1,5,11
tbl_1_r5_c12,table_cell,,tbl_1_r5_c12,table_1,1,5,12
tbl_1_r5_c13,table_cell,,tbl_1_r5_c13,table_1,1,5,13
tbl_1_r5_c14,table_cell,,tbl_1_r5_c14,table_1,1,5,14
tbl_1_r5_c15,table_cell,,tbl_1_r5_c15,table_1,1,5,15
tbl_1_r5_c16,table_cell,,tbl_1_r5_c16,table_1,1,5,16
tbl_1_r6_c0,table_cell,,tbl_1_r6_c0,table_1,1,6,0
tbl_1_r6_c1,table_cell,,tbl_1_r6_c1,table_1,1,6,1
tbl_1_r6_c2,table_cell,,tbl_1_r6_c2,table_1,1,6,2
tbl_1_r6_c3,table_cell,,tbl_1_r6_c3,table_1,1,6,3
tbl_1_r6_c4,table_cell,,tbl_1_r6_c4,table_1,1,6,4
tbl_1_r6_c5,table_cell,,tbl_1_r6_c5,table_1,1,6,5
tbl_1_r6_c6,table_cell,,tbl_1_r6_c6,table_1,1,6,6
tbl_1_r6_c7,table_cell,,tbl_1_r6_c7,table_1,1,6,7
tbl_1_r6_c8,table_cell,,tbl_1_r6_c8,table_1,1,6,8
tbl_1_r6_c9,table_cell,,tbl_1_r6_c9,table_1,1,6,9
tbl_1_r6_c10,table_cell,,tbl_1_r6_c10,table_1,1,6,10
tbl_1_r6_c11,table_cell,,tbl_1_r6_c11,table_1,1,6,11
tbl_1_r6_c12,table_cell,,tbl_1_r6_c12,table_1,1,6,12
tbl_1_r6_c13,table_cell,,tbl_1_r6_c13,table_1,1,6,13
tbl_1_r6_c14,table_cell,,tbl_1_r6_c14,table_1,1,6,14
tbl_1_r6_c15,table_cell,,tbl_1_r6_c15,table_1,1,6,15
tbl_1_r6_c16,table_cell,,tbl_1_r6_c16,table_1,1,6,16
tbl_1_r7_c0,table_cell,,tbl_1_r7_c0,table_1,1,7,0
tbl_1_r7_c1,table_cell,,tbl_1_r7_c1,table_1,1,7,1
tbl_1_r7_c2,table_cell,,tbl_1_r7_c2,table_1,1,7,2
tbl_1_r7_c3,table_cell,,tbl_1_r7_c3,table_1,1,7,3
tbl_1_r7_c4,table_cell,,tbl_1_r7_c4,table_1,1,7,4
tbl_1_r7_c5,table_cell,,tbl_1_r7_c5,table_1,1,7,5
tbl_1_r7_c6,table_cell,,tbl_1_r7_c6,table_1,1,7,6
tbl_1_r7_c7,table_cell,,tbl_1_r7_c7,table_1,1,7,7
tbl_1_r7_c8,table_cell,,tbl_1_r7_c8,table_1,1,7,8
tbl_1_r7_c9,table_cell,,tbl_1_r7_c9,table_1,1,7,9
tbl_1_r7_c10,table_cell,,tbl_1_r7_c10,table_1,1,7,10
tbl_1_r7_c11,table_cell,,tbl_1_r7_c11,table_1,1,7,11
tbl_1_r7_c12,table_cell,,tbl_1_r7_c12,table_1,1,7,12
tbl_1_r7_c13,table_cell,,tbl_1_r7_c13,table_1,1,7,13
tbl_1_r7_c14,table_cell,,tbl_1_r7_c14,table_1,1,7,14
tbl_1_r7_c15,table_cell,,tbl_1_r7_c15,table_1,1,7,15
tbl_1_r7_c16,table_cell,,tbl_1_r7_c16,table_1,1,7,16
tbl_1_r8_c0,table_cell,,tbl_1_r8_c0,table_1,1,8,0
tbl_1_r8_c1,table_cell,,tbl_1_r8_c1,table_1,1,8,1
tbl_1_r8_c2,table_cell,,tbl_1_r8_c2,table_1,1,8,2
tbl_1_r8_c3,table_cell,,tbl_1_r8_c3,table_1,1,8,3
tbl_1_r8_c4,table_cell,,tbl_1_r8_c4,table_1,1,8,4
tbl_1_r8_c5,table_cell,,tbl_1_r8_c5,table_1,1,8,5
tbl_1_r8_c6,table_cell,,tbl_1_r8_c6,table_1,1,8,6
tbl_1_r8_c7,table_cell,,tbl_1_r8_c7,table_1,1,8,7
tbl_1_r8_c8,table_cell,,tbl_1_r8_c8,table_1,1,8,8
tbl_1_r8_c9,table_cell,,tbl_1_r8_c9,table_1,1,8,9
tbl_1_r8_c10,table_cell,,tbl_1_r8_c10,table_1,1,8,10
tbl_1_r8_c11,table_cell,,tbl_1_r8_c11,table_1,1,8,11
tbl_1_r8_c12,table_cell,,tbl_1_r8_c12,table_1,1,8,12
tbl_1_r8_c13,table_cell,,tbl_1_r8_c13,table_1,1,8,13
tbl_1_r8_c14,table_cell,,tbl_1_r8_c14,table_1,1,8,14
tbl_1_r8_c15,table_cell,,tbl_1_r8_c15,table_1,1,8,15
tbl_1_r8_c16,table_cell,,tbl_1_r8_c16,table_1,1,8,16
tbl_1_r9_c0,table_cell,,tbl_1_r9_c0,table_1,1,9,0
tbl_1_r9_c1,table_cell,,tbl_1_r9_c1,table_1,1,9,1
tbl_1_r9_c2,table_cell,,tbl_1_r9_c2,table_1,1,9,2
tbl_1_r9_c3,table_cell,,tbl_1_r9_c3,table_1,1,9,3
tbl_1_r9_c4,table_cell,,tbl_1_r9_c4,table_1,1,9,4
tbl_1_r9_c5,table_cell,,tbl_1_r9_c5,table_1,1,9,5
tbl_1_r9_c6,table_cell,,tbl_1_r9_c6,table_1,1,9,6
tbl_1_r9_c7,table_cell,,tbl_1_r9_c7,table_1,1,9,7
tbl_1_r9_c8,table_cell,,tbl_1_r9_c8,table_1,1,9,8
tbl_1_r9_c9,table_cell,,tbl_1_r9_c9,table_1,1,9,9
tbl_1_r9_c10,table_cell,,tbl_1_r9_c10,table_1,1,9,10
tbl_1_r9_c11,table_cell,,tbl_1_r9_c11,table_1,1,9,11
tbl_1_r9_c12,table_cell,,tbl_1_r9_c12,table_1,1,9,12
tbl_1_r9_c13,table_cell,,tbl_1_r9_c13,table_1,1,9,13
tbl_1_r9_c14,table_cell,,tbl_1_r9_c14,table_1,1,9,14
tbl_1_r9_c15,table_cell,,tbl_1_r9_c15,table_1,1,9,15
tbl_1_r9_c16,table_cell,,tbl_1_r9_c16,table_1,1,9,16
tbl_1_r10_c0,table_cell,,tbl_1_r10_c0,table_1,1,10,0
tbl_1_r10_c1,table_cell,,tbl_1_r10_c1,table_1,1,10,1
tbl_1_r10_c2,table_cell,,tbl_1_r10_c2,table_1,1,10,2
tbl_1_r10_c3,table_cell,,tbl_1_r10_c3,table_1,1,10,3
tbl_1_r10_c4,table_cell,,tbl_1_r10_c4,table_1,1,10,4
tbl_1_r10_c5,table_cell,,tbl_1_r10_c5,table_1,1,10,5
tbl_1_r10_c6,table_cell,,tbl_1_r10_c6,table_1,1,10,6
tbl_1_r10_c7,table_cell,,tbl_1_r10_c7,table_1,1,10,7
tbl_1_r10_c8,table_cell,,tbl_1_r10_c8,table_1,1,10,8
tbl_1_r10_c9,table_cell,,tbl_1_r10_c9,table_1,1,10,9
tbl_1_r10_c10,table_cell,,tbl_1_r10_c10,table_1,1,10,10
tbl_1_r10_c11,table_cell,,tbl_1_r10_c11,table_1,1,10,11
tbl_1_r10_c12,table_cell,,tbl_1_r10_c12,table_1,1,10,12
tbl_1_r10_c13,table_cell,,tbl_1_r10_c13,table_1,1,10,13
tbl_1_r10_c14,table_cell,,tbl_1_r10_c14,table_1,1,10,14
tbl_1_r10_c15,table_cell,,tbl_1_r10_c15,table_1,1,10,15
tbl_1_r10_c16,table_cell,,tbl_1_r10_c16,table_1,1,10,16
tbl_1_r11_c0,table_cell,,tbl_1_r11_c0,table_1,1,11,0
tbl_1_r11_c1,table_cell,,tbl_1_r11_c1,table_1,1,11,1
tbl_1_r11_c2,table_cell,,tbl_1_r11_c2,table_1,1,11,2
tbl_1_r11_c3,table_cell,,tbl_1_r11_c3,table_1,1,11,3
tbl_1_r11_c4,table_cell,,tbl_1_r11_c4,table_1,1,11,4
tbl_1_r11_c5,table_cell,,tbl_1_r11_c5,table_1,1,11,5
tbl_1_r11_c6,table_cell,,tbl_1_r11_c6,table_1,1,11,6
tbl_1_r11_c7,table_cell,,tbl_1_r11_c7,table_1,1,11,7
tbl_1_r11_c8,table_cell,,tbl_1_r11_c8,table_1,1,11,8
tbl_1_r11_c9,table_cell,,tbl_1_r11_c9,table_1,1,11,9
tbl_1_r11_c10,table_cell,,tbl_1_r11_c10,table_1,1,11,10
tbl_1_r11_c11,table_cell,,tbl_1_r11_c11,table_1,1,11,11
tbl_1_r11_c12,table_cell,,tbl_1_r11_c12,table_1,1,11,12
tbl_1_r11_c13,table_cell,,tbl_1_r11_c13,table_1,1,11,13
tbl_1_r11_c14,table_cell,,tbl_1_r11_c14,table_1,1,11,14
tbl_1_r11_c15,table_cell,,tbl_1_r11_c15,table_1,1,11,15
tbl_1_r11_c16,table_cell,,tbl_1_r11_c16,table_1,1,11,16
tbl_1_r12_c0,table_cell,,tbl_1_r12_c0,table_1,1,12,0
tbl_1_r12_c1,table_cell,,tbl_1_r12_c1,table_1,1,12,1
tbl_1_r12_c2,table_cell,,tbl_1_r12_c2,table_1,1,12,2
tbl_1_r12_c3,table_cell,,tbl_1_r12_c3,table_1,1,12,3
tbl_1_r12_c4,table_cell,,tbl_1_r12_c4,table_1,1,12,4
tbl_1_r12_c5,table_cell,,tbl_1_r12_c5,table_1,1,12,5
tbl_1_r12_c6,table_cell,,tbl_1_r12_c6,table_1,1,12,6
tbl_1_r12_c7,table_cell,,tbl_1_r12_c7,table_1,1,12,7
tbl_1_r12_c8,table_cell,,tbl_1_r12_c8,table_1,1,12,8
tbl_1_r12_c9,table_cell,,tbl_1_r12_c9,table_1,1,12,9
tbl_1_r12_c10,table_cell,,tbl_1_r12_c10,table_1,1,12,10
tbl_1_r12_c11,table_cell,,tbl_1_r12_c11,table_1,1,12,11
tbl_1_r12_c12,table_cell,,tbl_1_r12_c12,table_1,1,12,12
tbl_1_r12_c13,table_cell,,tbl_1_r12_c13,table_1,1,12,13
tbl_1_r12_c14,table_cell,,tbl_1_r12_c14,table_1,1,12,14
tbl_1_r12_c15,table_cell,,tbl_1_r12_c15,table_1,1,12,15
tbl_1_r12_c16,table_cell,,tbl_1_r12_c16,table_1,1,12,16
tbl_1_r13_c0,table_cell,,tbl_1_r13_c0,table_1,1,13,0
tbl_1_r13_c1,table_cell,,tbl_1_r13_c1,table_1,1,13,1
tbl_1_r13_c2,table_cell,,tbl_1_r13_c2,table_1,1,13,2
tbl_1_r13_c3,table_cell,,tbl_1_r13_c3,table_1,1,13,3
tbl_1_r13_c4,table_cell,,tbl_1_r13_c4,table_1,1,13,4
tbl_1_r13_c5,table_cell,,tbl_1_r13_c5,table_1,1,13,5
tbl_1_r13_c6,table_cell,,tbl_1_r13_c6,table_1,1,13,6
tbl_1_r13_c7,table_cell,,tbl_1_r13_c7,table_1,1,13,7
tbl_1_r13_c8,table_cell,,tbl_1_r13_c8,table_1,1,13,8
tbl_1_r13_c9,table_cell,,tbl_1_r13_c9,table_1,1,13,9
tbl_1_r13_c10,table_cell,,tbl_1_r13_c10,table_1,1,13,10
tbl_1_r13_c11,table_cell,,tbl_1_r13_c11,table_1,1,13,11
tbl_1_r13_c12,table_cell,,tbl_1_r13_c12,table_1,1,13,12
tbl_1_r13_c13,table_cell,,tbl_1_r13_c13,table_1,1,13,13
tbl_1_r13_c14,table_cell,,tbl_1_r13_c14,table_1,1,13,14
tbl_1_r13_c15,table_cell,,tbl_1_r13_c15,table_1,1,13,15
tbl_1_r13_c16,table_cell,,tbl_1_r13_c16,table_1,1,13,16
tbl_1_r14_c0,table_cell,,tbl_1_r14_c0,table_1,1,14,0
tbl_1_r14_c1,table_cell,,tbl_1_r14_c1,table_1,1,14,1
tbl_1_r14_c2,table_cell,,tbl_1_r14_c2,table_1,1,14,2
tbl_1_r14_c3,table_cell,,tbl_1_r14_c3,table_1,1,14,3
tbl_1_r14_c4,table_cell,,tbl_1_r14_c4,table_1,1,14,4
tbl_1_r14_c5,table_cell,,tbl_1_r14_c5,table_1,1,14,5
tbl_1_r14_c6,table_cell,,tbl_1_r14_c6,table_1,1,14,6
tbl_1_r14_c7,table_cell,,tbl_1_r14_c7,table_1,1,14,7
tbl_1_r14_c8,table_cell,,tbl_1_r14_c8,table_1,1,14,8
tbl_1_r14_c9,table_cell,,tbl_1_r14_c9,table_1,1,14,9
tbl_1_r14_c10,table_cell,,tbl_1_r14_c10,table_1,1,14,10
tbl_1_r14_c11,table_cell,,tbl_1_r14_c11,table_1,1,14,11
tbl_1_r14_c12,table_cell,,tbl_1_r14_c12,table_1,1,14,12
tbl_1_r14_c13,table_cell,,tbl_1_r14_c13,table_1,1,14,13
tbl_1_r14_c14,table_cell,,tbl_1_r14_c14,table_1,1,14,14
tbl_1_r14_c15,table_cell,,tbl_1_r14_c15,table_1,1,14,15
tbl_1_r14_c16,table_cell,,tbl_1_r14_c16,table_1,1,14,16
tbl_1_r15_c0,table_cell,,tbl_1_r15_c0,table_1,1,15,0
tbl_1_r15_c1,table_cell,,tbl_1_r15_c1,table_1,1,15,1
tbl_1_r15_c2,table_cell,,tbl_1_r15_c2,table_1,1,15,2
tbl_1_r15_c3,table_cell,,tbl_1_r15_c3,table_1,1,15,3
tbl_1_r15_c4,table_cell,,tbl_1_r15_c4,table_1,1,15,4
tbl_1_r15_c5,table_cell,,tbl_1_r15_c5,table_1,1,15,5
tbl_1_r15_c6,table_cell,,tbl_1_r15_c6,table_1,1,15,6
tbl_1_r15_c7,table_cell,,tbl_1_r15_c7,table_1,1,15,7
tbl_1_r15_c8,table_cell,,tbl_1_r15_c8,table_1,1,15,8
tbl_1_r15_c9,table_cell,,tbl_1_r15_c9,table_1,1,15,9
tbl_1_r15_c10,table_cell,,tbl_1_r15_c10,table_1,1,15,10
tbl_1_r15_c11,table_cell,,tbl_1_r15_c11,table_1,1,15,11
tbl_1_r15_c12,table_cell,,tbl_1_r15_c12,table_1,1,15,12
tbl_1_r15_c13,table_cell,,tbl_1_r15_c13,table_1,1,15,13
tbl_1_r15_c14,table_cell,,tbl_1_r15_c14,table_1,1,15,14
tbl_1_r15_c15,table_cell,,tbl_1_r15_c15,table_1,1,15,15
tbl_1_r15_c16,table_cell,,tbl_1_r15_c16,table_1,1,15,16
tbl_2_r0_c0,table_cell,,tbl_2_r0_c0,table_2,2,0,0
tbl_2_r0_c1,table_cell,,tbl_2_r0_c1,table_2,2,0,1
tbl_2_r0_c2,table_cell,,tbl_2_r0_c2,table_2,2,0,2
tbl_2_r0_c3,table_cell,,tbl_2_r0_c3,table_2,2,0,3
tbl_2_r0_c4,table_cell,,tbl_2_r0_c4,table_2,2,0,4
tbl_2_r1_c0,table_cell,,tbl_2_r1_c0,table_2,2,1,0
tbl_2_r1_c1,table_cell,,tbl_2_r1_c1,table_2,2,1,1
tbl_2_r1_c2,table_cell,,tbl_2_r1_c2,table_2,2,1,2
tbl_2_r1_c3,table_cell,,tbl_2_r1_c3,table_2,2,1,3
tbl_2_r1_c4,table_cell,,tbl_2_r1_c4,table_2,2,1,4
tbl_2_r1_c5,table_cell,,tbl_2_r1_c5,table_2,2,1,5
tbl_2_r2_c0,table_cell,,tbl_2_r2_c0,table_2,2,2,0
tbl_2_r2_c1,table_cell,,tbl_2_r2_c1,table_2,2,2,1
tbl_2_r2_c2,table_cell,,tbl_2_r2_c2,table_2,2,2,2
tbl_2_r2_c3,table_cell,,tbl_2_r2_c3,table_2,2,2,3
tbl_2_r2_c4,table_cell,,tbl_2_r2_c4,table_2,2,2,4
tbl_2_r2_c5,table_cell,,tbl_2_r2_c5,table_2,2,2,5
tbl_2_r3_c0,table_cell,,tbl_2_r3_c0,table_2,2,3,0
tbl_2_r3_c1,table_cell,,tbl_2_r3_c1,table_2,2,3,1
tbl_2_r3_c2,table_cell,,tbl_2_r3_c2,table_2,2,3,2
tbl_2_r3_c3,table_cell,,tbl_2_r3_c3,table_2,2,3,3
tbl_2_r3_c4,table_cell,,tbl_2_r3_c4,table_2,2,3,4
tbl_2_r3_c5,table_cell,,tbl_2_r3_c5,table_2,2,3,5
tbl_3_r0_c0,table_cell,,tbl_3_r0_c0,table_3,3,0,0
tbl_3_r0_c1,table_cell,,tbl_3_r0_c1,table_3,3,0,1
tbl_3_r0_c2,table_cell,,tbl_3_r0_c2,table_3,3,0,2
tbl_3_r1_c0,table_cell,,tbl_3_r1_c0,table_3,3,1,0
tbl_3_r1_c1,table_cell,,tbl_3_r1_c1,table_3,3,1,1
tbl_3_r1_c2,table_cell,,tbl_3_r1_c2,table_3,3,1,2
tbl_4_r0_c0,table_cell,,tbl_4_r0_c0,table_4,4,0,0
tbl_4_r0_c1,table_cell,,tbl_4_r0_c1,table_4,4,0,1
tbl_4_r0_c2,table_cell,,tbl_4_r0_c2,table_4,4,0,2
tbl_4_r0_c3,table_cell,,tbl_4_r0_c3,table_4,4,0,3
tbl_4_r1_c0,table_cell,,tbl_4_r1_c0,table_4,4,1,0
tbl_4_r1_c1,table_cell,,tbl_4_r1_c1,table_4,4,1,1
tbl_4_r1_c2,table_cell,,tbl_4_r1_c2,table_4,4,1,2
tbl_4_r1_c3,table_cell,,tbl_4_r1_c3,table_4,4,1,3
tbl_4_r2_c0,table_cell,,tbl_4_r2_c0,table_4,4,2,0
tbl_4_r2_c1,table_cell,,tbl_4_r2_c1,table_4,4,2,1
tbl_4_r2_c2,table_cell,,tbl_4_r2_c2,table_4,4,2,2
tbl_4_r2_c3,table_cell,,tbl_4_r2_c3,table_4,4,2,3
tbl_5_r0_c0,table_cell,,tbl_5_r0_c0,table_5,5,0,0
tbl_5_r0_c1,table_cell,,tbl_5_r0_c1,table_5,5,0,1
tbl_5_r0_c2,table_cell,,tbl_5_r0_c2,table_5,5,0,2
tbl_5_r0_c3,table_cell,,tbl_5_r0_c3,table_5,5,0,3
tbl_5_r1_c0,table_cell,,tbl_5_r1_c0,table_5,5,1,0
tbl_5_r1_c1,table_cell,,tbl_5_r1_c1,table_5,5,1,1
tbl_5_r1_c2,table_cell,,tbl_5_r1_c2,table_5,5,1,2
tbl_5_r1_c3,table_cell,,tbl_5_r1_c3,table_5,5,1,3
tbl_5_r2_c0,table_cell,,tbl_5_r2_c0,table_5,5,2,0
tbl_5_r2_c1,table_cell,,tbl_5_r2_c1,table_5,5,2,1
tbl_5_r2_c2,table_cell,,tbl_5_r2_c2,table_5,5,2,2
tbl_5_r2_c3,table_cell,,tbl_5_r2_c3,table_5,5,2,3
tbl_6_r0_c0,table_cell,,tbl_6_r0_c0,table_6,6,0,0
tbl_6_r0_c1,table_cell,,tbl_6_r0_c1,table_6,6,0,1
tbl_6_r0_c2,table_cell,,tbl_6_r0_c2,table_6,6,0,2
tbl_6_r0_c3,table_cell,,tbl_6_r0_c3,table_6,6,0,3
tbl_6_r0_c4,table_cell,,tbl_6_r0_c4,table_6,6,0,4
tbl_6_r1_c0,table_cell,,tbl_6_r1_c0,table_6,6,1,0
tbl_6_r1_c1,table_cell,,tbl_6_r1_c1,table_6,6,1,1
tbl_6_r1_c2,table_cell,,tbl_6_r1_c2,table_6,6,1,2
tbl_6_r1_c3,table_cell,,tbl_6_r1_c3,table_6,6,1,3
tbl_6_r1_c4,table_cell,,tbl_6_r1_c4,table_6,6,1,4
tbl_6_r2_c0,table_cell,,tbl_6_r2_c0,table_6,6,2,0
tbl_6_r2_c1,table_cell,,tbl_6_r2_c1,table_6,6,2,1
tbl_6_r2_c2,table_cell,,tbl_6_r2_c2,table_6,6,2,2
tbl_6_r2_c3,table_cell,,tbl_6_r2_c3,table_6,6,2,3
tbl_6_r2_c4,table_cell,,tbl_6_r2_c4,table_6,6,2,4
tbl_6_r3_c0,table_cell,,tbl_6_r3_c0,table_6,6,3,0
tbl_6_r3_c1,table_cell,,tbl_6_r3_c1,table_6,6,3,1
tbl_6_r3_c2,table_cell,,tbl_6_r3_c2,table_6,6,3,2
tbl_6_r3_c3,table_cell,,tbl_6_r3_c3,table_6,6,3,3
tbl_6_r3_c4,table_cell,,tbl_6_r3_c4,table_6,6,3,4
tbl_7_r0_c0,table_cell,,tbl_7_r0_c0,table_7,7,0,0
tbl_7_r0_c1,table_cell,,tbl_7_r0_c1,table_7,7,0,1
tbl_7_r0_c2,table_cell,,tbl_7_r0_c2,table_7,7,0,2
tbl_7_r0_c3,table_cell,,tbl_7_r0_c3,table_7,7,0,3
tbl_7_r0_c4,table_cell,,tbl_7_r0_c4,table_7,7,0,4
tbl_7_r0_c5,table_cell,,tbl_7_r0_c5,table_7,7,0,5
tbl_7_r0_c6,table_cell,,tbl_7_r0_c6,table_7,7,0,6
tbl_7_r0_c7,table_cell,,tbl_7_r0_c7,table_7,7,0,7
tbl_7_r0_c8,table_cell,,tbl_7_r0_c8,table_7,7,0,8
tbl_7_r0_c9,table_cell,,tbl_7_r0_c9,table_7,7,0,9
tbl_7_r0_c10,table_cell,,tbl_7_r0_c10,table_7,7,0,10
tbl_7_r0_c11,table_cell,,tbl_7_r0_c11,table_7,7,0,11
tbl_7_r1_c0,table_cell,,tbl_7_r1_c0,table_7,7,1,0
tbl_7_r1_c1,table_cell,,tbl_7_r1_c1,table_7,7,1,1
tbl_7_r1_c2,table_cell,,tbl_7_r1_c2,table_7,7,1,2
tbl_7_r1_c3,table_cell,,tbl_7_r1_c3,table_7,7,1,3
tbl_7_r1_c4,table_cell,,tbl_7_r1_c4,table_7,7,1,4
tbl_7_r1_c5,table_cell,,tbl_7_r1_c5,table_7,7,1,5
tbl_7_r1_c6,table_cell,,tbl_7_r1_c6,table_7,7,1,6
tbl_7_r1_c7,table_cell,,tbl_7_r1_c7,table_7,7,1,7
tbl_7_r1_c8,table_cell,,tbl_7_r1_c8,table_7,7,1,8
tbl_7_r1_c9,table_cell,,tbl_7_r1_c9,table_7,7,1,9
tbl_7_r1_c10,table_cell,,tbl_7_r1_c10,table_7,7,1,10
tbl_7_r1_c11,table_cell,,tbl_7_r1_c11,table_7,7,1,11
tbl_7_r2_c0,table_cell,,tbl_7_r2_c0,table_7,7,2,0
tbl_7_r2_c1,table_cell,,tbl_7_r2_c1,table_7,7,2,1
tbl_7_r2_c2,table_cell,,tbl_7_r2_c2,table_7,7,2,2
tbl_7_r2_c3,table_cell,,tbl_7_r2_c3,table_7,7,2,3
tbl_7_r2_c4,table_cell,,tbl_7_r2_c4,table_7,7,2,4
tbl_7_r2_c5,table_cell,,tbl_7_r2_c5,table_7,7,2,5
tbl_7_r2_c6,table_cell,,tbl_7_r2_c6,table_7,7,2,6
tbl_7_r2_c7,table_cell,,tbl_7_r2_c7,table_7,7,2,7
tbl_7_r2_c8,table_cell,,tbl_7_r2_c8,table_7,7,2,8
tbl_7_r2_c9,table_cell,,tbl_7_r2_c9,table_7,7,2,9
tbl_7_r2_c10,table_cell,,tbl_7_r2_c10,table_7,7,2,10
tbl_7_r2_c11,table_cell,,tbl_7_r2_c11,table_7,7,2,11
tbl_7_r3_c0,table_cell,,tbl_7_r3_c0,table_7,7,3,0
tbl_7_r3_c1,table_cell,,tbl_7_r3_c1,table_7,7,3,1
tbl_7_r3_c2,table_cell,,tbl_7_r3_c2,table_7,7,3,2
tbl_7_r3_c3,table_cell,,tbl_7_r3_c3,table_7,7,3,3
tbl_7_r3_c4,table_cell,,tbl_7_r3_c4,table_7,7,3,4
tbl_7_r3_c5,table_cell,,tbl_7_r3_c5,table_7,7,3,5
tbl_7_r3_c6,table_cell,,tbl_7_r3_c6,table_7,7,3,6
tbl_7_r3_c7,table_cell,,tbl_7_r3_c7,table_7,7,3,7
tbl_7_r3_c8,table_cell,,tbl_7_r3_c8,table_7,7,3,8
tbl_7_r3_c9,table_cell,,tbl_7_r3_c9,table_7,7,3,9
tbl_7_r3_c10,table_cell,,tbl_7_r3_c10,table_7,7,3,10
tbl_7_r3_c11,table_cell,,tbl_7_r3_c11,table_7,7,3,11
tbl_7_r4_c0,table_cell,,tbl_7_r4_c0,table_7,7,4,0
tbl_7_r4_c1,table_cell,,tbl_7_r4_c1,table_7,7,4,1
tbl_7_r4_c2,table_cell,,tbl_7_r4_c2,table_7,7,4,2
tbl_7_r4_c3,table_cell,,tbl_7_r4_c3,table_7,7,4,3
tbl_7_r4_c4,table_cell,,tbl_7_r4_c4,table_7,7,4,4
tbl_7_r4_c5,table_cell,,tbl_7_r4_c5,table_7,7,4,5
tbl_7_r4_c6,table_cell,,tbl_7_r4_c6,table_7,7,4,6
tbl_7_r4_c7,table_cell,,tbl_7_r4_c7,table_7,7,4,7
tbl_7_r4_c8,table_cell,,tbl_7_r4_c8,table_7,7,4,8
tbl_7_r4_c9,table_cell,,tbl_7_r4_c9,table_7,7,4,9
tbl_7_r4_c10,table_cell,,tbl_7_r4_c10,table_7,7,4,10
tbl_7_r4_c11,table_cell,,tbl_7_r4_c11,table_7,7,4,11
tbl_8_r0_c0,table_cell,,tbl_8_r0_c0,table_8,8,0,0
tbl_8_r0_c1,table_cell,,tbl_8_r0_c1,table_8,8,0,1
tbl_8_r0_c2,table_cell,,tbl_8_r0_c2,table_8,8,0,2
tbl_8_r1_c0,table_cell,,tbl_8_r1_c0,table_8,8,1,0
tbl_8_r1_c1,table_cell,,tbl_8_r1_c1,table_8,8,1,1
tbl_8_r1_c2,table_cell,,tbl_8_r1_c2,table_8,8,1,2
tbl_8_r2_c0,table_cell,,tbl_8_r2_c0,table_8,8,2,0
tbl_8_r2_c1,table_cell,,tbl_8_r2_c1,table_8,8,2,1
tbl_8_r2_c2,table_cell,,tbl_8_r2_c2,table_8,8,2,2
tbl_8_r3_c0,table_cell,,tbl_8_r3_c0,table_8,8,3,0
tbl_8_r3_c1,table_cell,,tbl_8_r3_c1,table_8,8,3,1
tbl_8_r3_c2,table_cell,,tbl_8_r3_c2,table_8,8,3,2
tbl_8_r4_c0,table_cell,,tbl_8_r4_c0,table_8,8,4,0
tbl_8_r4_c1,table_cell,,tbl_8_r4_c1,table_8,8,4,1
tbl_8_r4_c2,table_cell,,tbl_8_r4_c2,table_8,8,4,2
tbl_8_r5_c0,table_cell,,tbl_8_r5_c0,table_8,8,5,0
tbl_8_r5_c1,table_cell,,tbl_8_r5_c1,table_8,8,5,1
tbl_8_r5_c2,table_cell,,tbl_8_r5_c2,table_8,8,5,2
tbl_8_r6_c0,table_cell,,tbl_8_r6_c0,table_8,8,6,0
tbl_8_r6_c1,table_cell,,tbl_8_r6_c1,table_8,8,6,1
tbl_8_r6_c2,table_cell,,tbl_8_r6_c2,table_8,8,6,2
tbl_9_r0_c0,table_cell,,tbl_9_r0_c0,table_9,9,0,0
tbl_9_r0_c1,table_cell,,tbl_9_r0_c1,table_9,9,0,1
tbl_9_r0_c2,table_cell,,tbl_9_r0_c2,table_9,9,0,2
tbl_9_r0_c3,table_cell,,tbl_9_r0_c3,table_9,9,0,3
tbl_9_r0_c4,table_cell,,tbl_9_r0_c4,table_9,9,0,4
tbl_9_r0_c5,table_cell,,tbl_9_r0_c5,table_9,9,0,5
tbl_9_r0_c6,table_cell,,tbl_9_r0_c6,table_9,9,0,6
tbl_9_r0_c7,table_cell,,tbl_9_r0_c7,table_9,9,0,7
tbl_9_r0_c8,table_cell,,tbl_9_r0_c8,table_9,9,0,8
tbl_9_r0_c9,table_cell,,tbl_9_r0_c9,table_9,9,0,9
tbl_9_r0_c10,table_cell,,tbl_9_r0_c10,table_9,9,0,10
tbl_9_r0_c11,table_cell,,tbl_9_r0_c11,table_9,9,0,11
tbl_9_r0_c12,table_cell,,tbl_9_r0_c12,table_9,9,0,12
tbl_9_r0_c13,table_cell,,tbl_9_r0_c13,table_9,9,0,13
tbl_9_r0_c14,table_cell,,tbl_9_r0_c14,table_9,9,0,14
tbl_9_r0_c15,table_cell,,tbl_9_r0_c15,table_9,9,0,15
tbl_9_r0_c16,table_cell,,tbl_9_r0_c16,table_9,9,0,16
tbl_9_r1_c0,table_cell,,tbl_9_r1_c0,table_9,9,1,0
tbl_9_r1_c1,table_cell,,tbl_9_r1_c1,table_9,9,1,1
tbl_9_r1_c2,table_cell,,tbl_9_r1_c2,table_9,9,1,2
tbl_9_r1_c3,table_cell,,tbl_9_r1_c3,table_9,9,1,3
tbl_9_r1_c4,table_cell,,tbl_9_r1_c4,table_9,9,1,4
tbl_9_r1_c5,table_cell,,tbl_9_r1_c5,table_9,9,1,5
tbl_9_r1_c6,table_cell,,tbl_9_r1_c6,table_9,9,1,6
tbl_9_r1_c7,table_cell,,tbl_9_r1_c7,table_9,9,1,7
tbl_9_r1_c8,table_cell,,tbl_9_r1_c8,table_9,9,1,8
tbl_9_r1_c9,table_cell,,tbl_9_r1_c9,table_9,9,1,9
tbl_9_r1_c10,table_cell,,tbl_9_r1_c10,table_9,9,1,10
tbl_9_r1_c11,table_cell,,tbl_9_r1_c11,table_9,9,1,11
tbl_9_r1_c12,table_cell,,tbl_9_r1_c12,table_9,9,1,12
tbl_9_r1_c13,table_cell,,tbl_9_r1_c13,table_9,9,1,13
tbl_9_r1_c14,table_cell,,tbl_9_r1_c14,table_9,9,1,14
tbl_9_r1_c15,table_cell,,tbl_9_r1_c15,table_9,9,1,15
tbl_9_r1_c16,table_cell,,tbl_9_r1_c16,table_9,9,1,16
tbl_9_r2_c0,table_cell,,tbl_9_r2_c0,table_9,9,2,0
tbl_9_r2_c1,table_cell,,tbl_9_r2_c1,table_9,9,2,1
tbl_9_r2_c2,table_cell,,tbl_9_r2_c2,table_9,9,2,2
tbl_9_r2_c3,table_cell,,tbl_9_r2_c3,table_9,9,2,3
tbl_9_r2_c4,table_cell,,tbl_9_r2_c4,table_9,9,2,4
tbl_9_r2_c5,table_cell,,tbl_9_r2_c5,table_9,9,2,5
tbl_9_r2_c6,table_cell,,tbl_9_r2_c6,table_9,9,2,6
tbl_9_r2_c7,table_cell,,tbl_9_r2_c7,table_9,9,2,7
tbl_9_r2_c8,table_cell,,tbl_9_r2_c8,table_9,9,2,8
tbl_9_r2_c9,table_cell,,tbl_9_r2_c9,table_9,9,2,9
tbl_9_r2_c10,table_cell,,tbl_9_r2_c10,table_9,9,2,10
tbl_9_r2_c11,table_cell,,tbl_9_r2_c11,table_9,9,2,11
tbl_9_r2_c12,table_cell,,tbl_9_r2_c12,table_9,9,2,12
tbl_9_r2_c13,table_cell,,tbl_9_r2_c13,table_9,9,2,13
tbl_9_r2_c14,table_cell,,tbl_9_r2_c14,table_9,9,2,14
tbl_9_r2_c15,table_cell,,tbl_9_r2_c15,table_9,9,2,15
tbl_9_r2_c16,table_cell,,tbl_9_r2_c16,table_9,9,2,16
tbl_10_r0_c0,table_cell,,tbl_10_r0_c0,table_10,10,0,0
tbl_10_r0_c1,table_cell,,tbl_10_r0_c1,table_10,10,0,1
tbl_10_r0_c2,table_cell,,tbl_10_r0_c2,table_10,10,0,2
tbl_10_r0_c3,table_cell,,tbl_10_r0_c3,table_10,10,0,3
tbl_10_r1_c0,table_cell,,tbl_10_r1_c0,table_10,10,1,0
tbl_10_r1_c1,table_cell,,tbl_10_r1_c1,table_10,10,1,1
tbl_10_r1_c2,table_cell,,tbl_10_r1_c2,table_10,10,1,2
tbl_10_r1_c3,table_cell,,tbl_10_r1_c3,table_10,10,1,3
tbl_10_r1_c4,table_cell,,tbl_10_r1_c4,table_10,10,1,4
tbl_10_r1_c5,table_cell,,tbl_10_r1_c5,table_10,10,1,5
tbl_10_r2_c0,table_cell,,tbl_10_r2_c0,table_10,10,2,0
tbl_10_r2_c1,table_cell,,tbl_10_r2_c1,table_10,10,2,1
tbl_10_r2_c2,table_cell,,tbl_10_r2_c2,table_10,10,2,2
tbl_10_r2_c3,table_cell,,tbl_10_r2_c3,table_10,10,2,3
tbl_10_r2_c4,table_cell,,tbl_10_r2_c4,table_10,10,2,4
tbl_10_r2_c5,table_cell,,tbl_10_r2_c5,table_10,10,2,5
tbl_10_r2_c6,table_cell,,tbl_10_r2_c6,table_10,10,2,6
tbl_10_r3_c0,table_cell,,tbl_10_r3_c0,table_10,10,3,0
tbl_10_r3_c1,table_cell,,tbl_10_r3_c1,table_10,10,3,1
tbl_10_r3_c2,table_cell,,tbl_10_r3_c2,table_10,10,3,2
tbl_10_r3_c3,table_cell,,tbl_10_r3_c3,table_10,10,3,3
tbl_10_r3_c4,table_cell,,tbl_10_r3_c4,table_10,10,3,4
tbl_10_r3_c5,table_cell,,tbl_10_r3_c5,table_10,10,3,5
tbl_10_r3_c6,table_cell,,tbl_10_r3_c6,table_10,10,3,6
tbl_10_r4_c0,table_cell,,tbl_10_r4_c0,table_10,10,4,0
tbl_10_r4_c1,table_cell,,tbl_10_r4_c1,table_10,10,4,1
tbl_10_r4_c2,table_cell,,tbl_10_r4_c2,table_10,10,4,2
tbl_10_r4_c3,table_cell,,tbl_10_r4_c3,table_10,10,4,3
tbl_10_r4_c4,table_cell,,tbl_10_r4_c4,table_10,10,4,4
tbl_10_r4_c5,table_cell,,tbl_10_r4_c5,table_10,10,4,5
tbl_10_r4_c6,table_cell,,tbl_10_r4_c6,table_10,10,4,6
tbl_11_r0_c0,table_cell,,tbl_11_r0_c0,table_11,11,0,0
tbl_11_r0_c1,table_cell,,tbl_11_r0_c1,table_11,11,0,1
tbl_11_r0_c2,table_cell,,tbl_11_r0_c2,table_11,11,0,2
tbl_11_r0_c3,table_cell,,tbl_11_r0_c3,table_11,11,0,3
tbl_11_r0_c4,table_cell,,tbl_11_r0_c4,table_11,11,0,4
tbl_11_r0_c5,table_cell,,tbl_11_r0_c5,table_11,11,0,5
tbl_11_r0_c6,table_cell,,tbl_11_r0_c6,table_11,11,0,6
tbl_11_r1_c0,table_cell,,tbl_11_r1_c0,table_11,11,1,0
tbl_11_r1_c1,table_cell,,tbl_11_r1_c1,table_11,11,1,1
tbl_11_r1_c2,table_cell,,tbl_11_r1_c2,table_11,11,1,2
tbl_11_r1_c3,table_cell,,tbl_11_r1_c3,table_11,11,1,3
tbl_11_r1_c4,table_cell,,tbl_11_r1_c4,table_11,11,1,4
tbl_11_r1_c5,table_cell,,tbl_11_r1_c5,table_11,11,1,5
tbl_11_r1_c6,table_cell,,tbl_11_r1_c6,table_11,11,1,6
tbl_11_r1_c7,table_cell,,tbl_11_r1_c7,table_11,11,1,7
tbl_11_r2_c0,table_cell,,tbl_11_r2_c0,table_11,11,2,0
tbl_11_r2_c1,table_cell,,tbl_11_r2_c1,table_11,11,2,1
tbl_11_r2_c2,table_cell,,tbl_11_r2_c2,table_11,11,2,2
tbl_11_r2_c3,table_cell,,tbl_11_r2_c3,table_11,11,2,3
tbl_11_r2_c4,table_cell,,tbl_11_r2_c4,table_11,11,2,4
tbl_11_r2_c5,table_cell,,tbl_11_r2_c5,table_11,11,2,5
tbl_11_r2_c6,table_cell,,tbl_11_r2_c6,table_11,11,2,6
tbl_11_r2_c7,table_cell,,tbl_11_r2_c7,table_11,11,2,7
tbl_11_r3_c0,table_cell,,tbl_11_r3_c0,table_11,11,3,0
tbl_11_r3_c1,table_cell,,tbl_11_r3_c1,table_11,11,3,1
tbl_11_r3_c2,table_cell,,tbl_11_r3_c2,table_11,11,3,2
tbl_11_r3_c3,table_cell,,tbl_11_r3_c3,table_11,11,3,3
tbl_11_r3_c4,table_cell,,tbl_11_r3_c4,table_11,11,3,4
tbl_11_r3_c5,table_cell,,tbl_11_r3_c5,table_11,11,3,5
tbl_11_r3_c6,table_cell,,tbl_11_r3_c6,table_11,11,3,6
tbl_11_r3_c7,table_cell,,tbl_11_r3_c7,table_11,11,3,7
tbl_11_r4_c0,table_cell,,tbl_11_r4_c0,table_11,11,4,0
tbl_11_r4_c1,table_cell,,tbl_11_r4_c1,table_11,11,4,1
tbl_11_r4_c2,table_cell,,tbl_11_r4_c2,table_11,11,4,2
tbl_11_r4_c3,table_cell,,tbl_11_r4_c3,table_11,11,4,3
tbl_11_r4_c4,table_cell,,tbl_11_r4_c4,table_11,11,4,4
tbl_11_r4_c5,table_cell,,tbl_11_r4_c5,table_11,11,4,5
tbl_11_r4_c6,table_cell,,tbl_11_r4_c6,table_11,11,4,6
tbl_11_r4_c7,table_cell,,tbl_11_r4_c7,table_11,11,4,7
tbl_11_r5_c0,table_cell,,tbl_11_r5_c0,table_11,11,5,0
tbl_11_r5_c1,table_cell,,tbl_11_r5_c1,table_11,11,5,1
tbl_11_r5_c2,table_cell,,tbl_11_r5_c2,table_11,11,5,2
tbl_11_r5_c3,table_cell,,tbl_11_r5_c3,table_11,11,5,3
tbl_11_r5_c4,table_cell,,tbl_11_r5_c4,table_11,11,5,4
tbl_11_r5_c5,table_cell,,tbl_11_r5_c5,table_11,11,5,5
tbl_11_r5_c6,table_cell,,tbl_11_r5_c6,table_11,11,5,6
tbl_11_r5_c7,table_cell,,tbl_11_r5_c7,table_11,11,5,7
tbl_12_r0_c0,table_cell,,tbl_12_r0_c0,table_12,12,0,0
tbl_12_r0_c1,table_cell,,tbl_12_r0_c1,table_12,12,0,1
tbl_12_r0_c2,table_cell,,tbl_12_r0_c2,table_12,12,0,2
tbl_12_r0_c3,table_cell,,tbl_12_r0_c3,table_12,12,0,3
tbl_12_r1_c0,table_cell,,tbl_12_r1_c0,table_12,12,1,0
tbl_12_r1_c1,table_cell,,tbl_12_r1_c1,table_12,12,1,1
tbl_12_r1_c2,table_cell,,tbl_12_r1_c2,table_12,12,1,2
tbl_12_r1_c3,table_cell,,tbl_12_r1_c3,table_12,12,1,3
tbl_12_r2_c0,table_cell,,tbl_12_r2_c0,table_12,12,2,0
tbl_12_r2_c1,table_cell,,tbl_12_r2_c1,table_12,12,2,1
tbl_12_r2_c2,table_cell,,tbl_12_r2_c2,table_12,12,2,2
tbl_12_r2_c3,table_cell,,tbl_12_r2_c3,table_12,12,2,3
tbl_12_r3_c0,table_cell,,tbl_12_r3_c0,table_12,12,3,0
tbl_12_r3_c1,table_cell,,tbl_12_r3_c1,table_12,12,3,1
tbl_12_r3_c2,table_cell,,tbl_12_r3_c2,table_12,12,3,2
tbl_12_r3_c3,table_cell,,tbl_12_r3_c3,table_12,12,3,3
tbl_13_r0_c0,table_cell,,tbl_13_r0_c0,table_13,13,0,0
tbl_13_r0_c1,table_cell,,tbl_13_r0_c1,table_13,13,0,1
tbl_13_r0_c2,table_cell,,tbl_13_r0_c2,table_13,13,0,2
tbl_13_r0_c3,table_cell,,tbl_13_r0_c3,table_13,13,0,3
tbl_13_r1_c0,table_cell,,tbl_13_r1_c0,table_13,13,1,0
tbl_13_r1_c1,table_cell,,tbl_13_r1_c1,table_13,13,1,1
tbl_13_r1_c2,table_cell,,tbl_13_r1_c2,table_13,13,1,2
tbl_13_r1_c3,table_cell,,tbl_13_r1_c3,table_13,13,1,3
tbl_13_r2_c0,table_cell,,tbl_13_r2_c0,table_13,13,2,0
tbl_13_r2_c1,table_cell,,tbl_13_r2_c1,table_13,13,2,1
tbl_13_r2_c2,table_cell,,tbl_13_r2_c2,table_13,13,2,2
tbl_13_r2_c3,table_cell,,tbl_13_r2_c3,table_13,13,2,3
tbl_13_r3_c0,table_cell,,tbl_13_r3_c0,table_13,13,3,0
tbl_13_r3_c1,table_cell,,tbl_13_r3_c1,table_13,13,3,1
tbl_13_r3_c2,table_cell,,tbl_13_r3_c2,table_13,13,3,2
tbl_13_r3_c3,table_cell,,tbl_13_r3_c3,table_13,13,3,3
tbl_14_r0_c0,table_cell,,tbl_14_r0_c0,table_14,14,0,0
tbl_14_r0_c1,table_cell,,tbl_14_r0_c1,table_14,14,0,1
tbl_14_r0_c2,table_cell,,tbl_14_r0_c2,table_14,14,0,2
tbl_14_r0_c3,table_cell,,tbl_14_r0_c3,table_14,14,0,3
tbl_14_r1_c0,table_cell,,tbl_14_r1_c0,table_14,14,1,0
tbl_14_r1_c1,table_cell,,tbl_14_r1_c1,table_14,14,1,1
tbl_14_r1_c2,table_cell,,tbl_14_r1_c2,table_14,14,1,2
tbl_14_r1_c3,table_cell,,tbl_14_r1_c3,table_14,14,1,3
tbl_14_r2_c0,table_cell,,tbl_14_r2_c0,table_14,14,2,0
tbl_14_r2_c1,table_cell,,tbl_14_r2_c1,table_14,14,2,1
tbl_14_r2_c2,table_cell,,tbl_14_r2_c2,table_14,14,2,2
tbl_14_r2_c3,table_cell,,tbl_14_r2_c3,table_14,14,2,3
tbl_14_r3_c0,table_cell,,tbl_14_r3_c0,table_14,14,3,0
tbl_14_r3_c1,table_cell,,tbl_14_r3_c1,table_14,14,3,1
tbl_14_r3_c2,table_cell,,tbl_14_r3_c2,table_14,14,3,2
tbl_14_r3_c3,table_cell,,tbl_14_r3_c3,table_14,14,3,3
tbl_15_r0_c0,table_cell,,tbl_15_r0_c0,table_15,15,0,0
tbl_15_r0_c1,table_cell,,tbl_15_r0_c1,table_15,15,0,1
tbl_15_r0_c2,table_cell,,tbl_15_r0_c2,table_15,15,0,2
tbl_15_r0_c3,table_cell,,tbl_15_r0_c3,table_15,15,0,3
tbl_15_r1_c0,table_cell,,tbl_15_r1_c0,table_15,15,1,0
tbl_15_r1_c1,table_cell,,tbl_15_r1_c1,table_15,15,1,1
tbl_15_r1_c2,table_cell,,tbl_15_r1_c2,table_15,15,1,2
tbl_15_r1_c3,table_cell,,tbl_15_r1_c3,table_15,15,1,3
tbl_15_r2_c0,table_cell,,tbl_15_r2_c0,table_15,15,2,0
tbl_15_r2_c1,table_cell,,tbl_15_r2_c1,table_15,15,2,1
tbl_15_r2_c2,table_cell,,tbl_15_r2_c2,table_15,15,2,2
tbl_15_r2_c3,table_cell,,tbl_15_r2_c3,table_15,15,2,3
tbl_15_r3_c0,table_cell,,tbl_15_r3_c0,table_15,15,3,0
tbl_15_r3_c1,table_cell,,tbl_15_r3_c1,table_15,15,3,1
tbl_15_r3_c2,table_cell,,tbl_15_r3_c2,table_15,15,3,2
tbl_15_r3_c3,table_cell,,tbl_15_r3_c3,table_15,15,3,3
